municipio1,municipio2,km,fuente
Santa Marta,Barranquilla,106.0,Google Maps
Santa Marta,Valledupar,260.0,Google Maps
Armenia,Pereira,45.5,Google Maps
Armenia,Cali,179.0,Google Maps
Armenia,Ibagué,73.1,Google Maps
Bucaramanga,Barrancabermeja,114.0,Google Maps
Bucaramanga,Tunja,282.0,Google Maps
Bucaramanga,Cúcuta,199.0,Google Maps
Villavicencio,Soacha,114.0,Google Maps
Pasto,Popayán,249.0,Google Maps
Medellín,Manizales,221.0,Google Maps
Medellín,Pereira,238.0,Google Maps
Pereira,Manizales,51.0,Google Maps
Pereira,Cali,209.0,Google Maps
Cali,Popayán,180.0,Google Maps
Ibagué,Neiva,211.0,Google Maps
Ibagué,Soacha,177.0,Google Maps
Barrancabermeja,Medellín,301.0,Google Maps
Barranquilla,Cartagena,134.0,Google Maps
Valledupar,Cúcuta,539.0,Google Maps
Montería,Cartagena,250.0,Google Maps
Montería,Medellín,450.0,Google Maps
Manizales,Ibagué,161.0,Google Maps
Soacha,Tunja,163.0,Google Maps
Neiva,Popayán,270.0,Google Maps
