nombre,departamento,zona,latitud,longitud,fuente
Barranquilla,Atlántico,Caribe,10.9685,-74.7813,geodatos.net (https://www.geodatos.net/coordenadas/colombia/barranquilla)
Cartagena,Bolívar,Caribe,10.3982,-75.4933,geodatos.net (https://www.geodatos.net/coordenadas/colombia/cartagena-de-indias)
Santa Marta,Magdalena,Caribe,11.2472,-74.2017,Alcaldía Distrital de Santa Marta (santamarta.gov.co/geografia)
Valledupar,Cesar,Caribe,10.4654,-73.2531,geodatos.net (https://www.geodatos.net/coordenadas/colombia/valledupar)
Montería,Córdoba,Caribe,8.7508,-75.8782,geodatos.net (https://www.geodatos.net/coordenadas/colombia/monteria)
Medellín,Antioquia,Occidente y Eje Cafetero,6.2448,-75.5748,Municipio.com (https://www.municipio.com.co/municipio-medellin.html)
Manizales,Caldas,Occidente y Eje Cafetero,5.0668,-75.5068,geodatos.net (https://www.geodatos.net/coordenadas/colombia/manizales)
Pereira,Risaralda,Occidente y Eje Cafetero,4.8143,-75.6949,geodatos.net (https://www.geodatos.net/coordenadas/colombia/pereira)
Armenia,Quindío,Occidente y Eje Cafetero,4.5333,-75.6833,Alcaldía de Armenia (armenia.gov.co)
Cali,Valle del Cauca,Occidente y Eje Cafetero,3.4305,-76.5199,geodatos.net (https://www.geodatos.net/coordenadas/colombia/cali)
Soacha,Cundinamarca,Centro y Nororiente,4.5794,-74.2168,geodatos.net (https://www.geodatos.net/coordenadas/colombia/soacha)
Tunja,Boyacá,Centro y Nororiente,5.5448,-73.3576,geodatos.net (https://www.geodatos.net/coordenadas/colombia/tunja)
Bucaramanga,Santander,Centro y Nororiente,7.1275,-73.1191,MapCarta (https://mapcarta.com/es/Bucaramanga)
Cúcuta,Norte de Santander,Centro y Nororiente,7.9075,-72.5049,geodatos.net (https://www.geodatos.net/coordenadas/colombia/cucuta)
Barrancabermeja,Santander,Centro y Nororiente,7.0675,-73.8472,Municipio.com (https://www.municipio.com.co/municipio-barrancabermeja.html)
Villavicencio,Meta,Sur y Llanos,4.1425,-73.6294,Municipio.com (https://www.municipio.com.co/municipio-villavicencio.html)
Ibagué,Tolima,Sur y Llanos,4.4378,-75.2006,Municipio.com (https://www.municipio.com.co/municipio-ibague.html)
Neiva,Huila,Sur y Llanos,2.9300,-75.2797,Geodatos.net (https://www.geodatos.net/coordenadas/colombia/neiva)
Popayán,Cauca,Sur y Llanos,2.4382,-76.6132,Geodatos.net (https://www.geodatos.net/coordenadas/colombia/popayan)
Pasto,Nariño,Sur y Llanos,1.2146,-77.2781,Alcaldia de Pasto (https://www.pasto.gov.co/index.php/nuestro-municipio/informacion-general)
