origen,destino,costo_avara_km,nodos_avara,tiempo_avara_us,camino_avara,costo_astar_km,nodos_astar,tiempo_astar_us,camino_astar,costo_optimo_km,nodos_dijkstra,tiempo_dijkstra_us,avara_se_aleja_porcentaje,astar_ahorra_nodos
"Ibagué","Cali",661.0,3,11.1,"Ibagué -> Neiva -> Popayán -> Cali",252.1,2,6.1,"Ibagué -> Armenia -> Cali",252.1,6,21.1,162.2,4
"Armenia","Neiva",629.0,3,3.3,"Armenia -> Cali -> Popayán -> Neiva",284.1,3,3.1,"Armenia -> Ibagué -> Neiva",284.1,7,8.6,121.4,4
"Pereira","Neiva",659.0,3,2.8,"Pereira -> Cali -> Popayán -> Neiva",323.0,4,5.3,"Pereira -> Ibagué -> Neiva",323.0,7,10.0,104.0,3
"Soacha","Cali",739.0,3,3.5,"Soacha -> Neiva -> Popayán -> Cali",429.1,3,3.2,"Soacha -> Ibagué -> Armenia -> Cali",429.1,10,12.3,72.2,7
"Tunja","Cali",902.0,4,5.5,"Tunja -> Soacha -> Neiva -> Popayán -> Cali",592.1,5,6.3,"Tunja -> Soacha -> Ibagué -> Armenia -> Cali",592.1,11,11.8,52.3,6
"Medellín","Neiva",897.0,4,6.8,"Medellín -> Pereira -> Cali -> Popayán -> Neiva",561.0,5,5.9,"Medellín -> Pereira -> Ibagué -> Neiva",561.0,11,11.0,59.9,6
"Barrancabermeja","Soacha",429.0,1,1.8,"Barrancabermeja -> Soacha",429.0,2,2.9,"Barrancabermeja -> Soacha",429.0,5,5.9,0.0,3
"Santa Marta","Manizales",1305.0,4,5.9,"Santa Marta -> Bucaramanga -> Soacha -> Ibagué -> Manizales",1137.0,11,10.1,"Santa Marta -> Barranquilla -> Montería -> Medellín -> Manizales",1137.0,12,8.4,14.8,1
"Montería","Neiva",1347.0,5,6.0,"Montería -> Medellín -> Pereira -> Cali -> Popayán -> Neiva",1011.0,6,6.0,"Montería -> Medellín -> Pereira -> Ibagué -> Neiva",1011.0,15,18.1,33.2,9
"Cartagena","Cúcuta",902.0,2,3.3,"Cartagena -> Valledupar -> Cúcuta",873.0,5,2.8,"Cartagena -> Barranquilla -> Santa Marta -> Cúcuta",873.0,8,5.5,3.3,3
"Ibagué","Valledupar",1444.0,4,4.5,"Ibagué -> Manizales -> Medellín -> Cartagena -> Valledupar",1050.0,10,5.9,"Ibagué -> Soacha -> Bucaramanga -> Valledupar",1050.0,17,5.0,37.5,7
"Bucaramanga","Popayán",983.0,3,2.3,"Bucaramanga -> Soacha -> Neiva -> Popayán",983.0,13,3.8,"Bucaramanga -> Soacha -> Neiva -> Popayán",983.0,18,4.6,0.0,5
"Villavicencio","Cúcuta",688.0,2,1.1,"Villavicencio -> Tunja -> Cúcuta",688.0,4,1.7,"Villavicencio -> Tunja -> Cúcuta",688.0,13,3.7,0.0,9
"Pasto","Popayán",249.0,1,0.6,"Pasto -> Popayán",249.0,1,0.4,"Pasto -> Popayán",249.0,1,1.1,0.0,0
"Pereira","Armenia",45.5,1,1.0,"Pereira -> Armenia",45.5,1,0.8,"Pereira -> Armenia",45.5,1,1.4,0.0,0
"Santa Marta","Barranquilla",106.0,1,0.8,"Santa Marta -> Barranquilla",106.0,1,0.7,"Santa Marta -> Barranquilla",106.0,1,1.3,0.0,0
"Cali","Popayán",180.0,1,0.8,"Cali -> Popayán",180.0,1,0.6,"Cali -> Popayán",180.0,2,1.4,0.0,1
"Barranquilla","Pasto",1686.0,6,3.3,"Barranquilla -> Montería -> Medellín -> Pereira -> Cali -> Popayán -> Pasto",1686.0,18,4.8,"Barranquilla -> Montería -> Medellín -> Pereira -> Cali -> Popayán -> Pasto",1686.0,19,4.6,0.0,1
